{0} is mandatory,{0} é obrigatório
{0} is required,{0} é necessário
Accepted,Aceito
Account,Conta
Accounting Report,Relatório de Contabilidade
Accounts Manager,Gerente de Contas
Accounts Payable,Contas a Pagar
Accounts Receivable,Contas a Receber
Accounts User,Usuário de Contas
Acknowledge the error to resume scanning.,Reconheça o erro para retomar o escaneamento.
Action,Ação
Action / Route,Ação / Rota
Actions,Ações
Action Timeout (Seconds),Tempo Limite de Ação (Segundos)
Active,Ativo
Active Domains,Domínios ativos
Activity,Atividade
add,adicionar
Add,Adicionar
Add Child,Adicionar Sub-item
Add Container,Adicionar recipiente
Added {0} ({1}),Adicionado {0} ({1})
Add Gray Background,Adicionar fundo cinza
Additional Permissions,Permissões Adicionais
Additional Salary,Salário Adicional
Add Multiple,Adicionar Múltiplos
Add New Address,Adicionar Novo Endereço
Add Participants,Adicione Participantes
Address,Endereço
Address and other legal information you may want to put in the footer.,Endereço e outras informações legais que você pode querer colocar no rodapé.
Address Title,Título do Endereço
Add Total Row,Adicionar Linha de Total
Add Translate Data,Adicionar Dados Traduzidos
Add Unsubscribe Link,Adicionar link para cancelar inscrição
Adjust the quantity or enable negative stock to continue.,Ajuste a quantidade ou ative stock negativo para continuar.
Administrator,Administrador
Advanced Settings,Configurações avançadas
After Cancel,Após Cancelar
After Delete,Após Excluir
After Save,Após salvar
After Save (Submitted Document),Após salvar (documento enviado)
After Submit,Após o envio
Aggregate Function Based On,Função agregada com base em
Alert,Alerta
Align Labels to the Right,Alinhar etiquetas à direita
Align Right,Alinhar à direita
A list of resources which the Client App will have access to after the user allows it.<br> e.g. project,"Uma lista de recursos que o aplicativo cliente terá acesso a depois que o usuário permita. <br> por exemplo, do projeto"
All,Todos
ALL,Tudo
All Caught Up!,Tudo Em Dia!
All Day,Dia Inteiro
All invoices are synchronized,Todas as faturas estão sincronizadas
Allocated To,Atribuído a
Allow approval for creator of the document,Permitir aprovação para o criador do documento
Allow Auto Repeat,Permitir repetição automática
Allow Bulk Edit,Permitir edição em massa
Allowed,Permitido
Allowed In Mentions,Permitido nas menções
Allow events in timeline,Permitir eventos na linha do tempo
Allow Guest,Permitir convidado
Allow Guest to View,Permitir visualização de convidado
Allow in Quick Entry,Permitir na entrada rápida
Allow Login using User Name,Permitir Login usando o nome de usuário
Allow Modules,Permitir Módulos
Allow only one session per user,Permitir apenas uma sessão por usuário
Allow on Submit,Permitir ao Enviar
Allow Print for Cancelled,Permitir impressão para cancelado
Allow Read On All Link Options,Permitir leitura em todas as opções de link
Allow Rename,Permitir Renomear
Allow Roles,Permitir Funções
Allow saving if mandatory fields are not filled,Permitir salvar se os campos obrigatórios não são preenchidas
Allow Self Approval,Permitir auto-aprovação
All Synchronized,Tudo Sincronizado
"Always add ""Draft"" Heading for printing draft documents","Sempre adicionar ""Rascunho"" no cabeçalho para impressão de documentos não enviados"
Amend,Corrigir
Amount,Valor
Analytics,Análise
and,e
Annual,Anual
API Access,Acesso API
API Key,Chave da API
API Method,Método API
API Secret,Segredo da API
App,Aplicativo
Append To,Acrescente Para
App information,Informações do aplicativo
Application Logo,Logo do aplicativo
Application Name,Nome da Aplicação
Application Version,Versão do aplicativo
Applied,Aplicado
Applied On,Aplicado em
Apply,Aplicar
Apply Offer,Aplicar Oferta
Apply Offers,Aplicar Ofertas
Apply On,Aplicar Em
Apply Strict User Permissions,Aplicar permissões de usuário estrito
Apply this rule if the User is the Owner,Aplicar esta regra se o usuário é o proprietário
Appointment,Agendamento
Appointment Letter,Carta de Nomeação
Appointment Letter Template,Modelo de Carta de Nomeação
Apps,Aplicativos
Are you sure you want to close? All entered data will be lost.,Tem certeza de que deseja fechar? Todos os dados inseridos serão perdidos.
Asset Activity,Atividade do Ativo
Asset Capitalization,Capitalização de Ativo
Assign Condition,Atribuir condição
Assigned,Atribuído
Assigned By Full Name,Atribuído por Nome completo
Assigned To,Atribuído A
Assignment Completed,Atribuição Concluída
Assignment Days,Dias de atribuição
Assignment Rules,Regras de Atribuição
Assign To Users,Atribuir aos usuários
A symbol for this currency. For e.g. $,Um símbolo para esta moeda. Por exemplo: MT
Attached File,Arquivo anexo
Attached To Field,Relacionado ao campo
Attached To Name,Anexado Para Nome
Attach Image,Anexar Imagem
Attachment,Anexo
Attachment Limit (MB),Limite de Anexo (MB)
Attachment Link,Link de Anexo
Attachment Removed,Anexo Removido
Attachments,Anexos
Attach Print,Anexar cópia
Attendance,Assiduidade
Attendance Count,Contagem de Assiduidade
Attendance Request,Pedido de Assiduidade
Author,Autor
Authorization Code,Código de autorização
Authorize API Indexing  Access,Autorizar acesso de indexação de API
Authorized,Autorizado
Authorize Google Calendar Access,Autorizar acesso ao Google Agenda
Authorize Google Contacts Access,Autorizar o acesso dos Contatos do Google
Authorize URL,Autorizar URL
Auth URL Data,Dados de URL de autenticação
Auto Name,Nome Automático
Auto Reply Message,Resposta Automática
Available:,Disponível:
Available QTY,Quantidade Disponível
Awaiting password,Aguardando Senha
Awaiting Password,Aguardando Senha
Awesome,Incrível
Back,Voltar
Background Color,Cor de Fundo
Background Workers,Trabalhadores em Segundo Plano
Back to Login,Voltar ao início de sessão
Balance will be updated when connection is restored,O saldo será atualizado quando a conexão for restaurada
Banner,Faixa
Banner HTML,Faixa HTML
Barcode,Código de Barras
Base Distinguished Name (DN),Base de dados de nome distinto (DN)
Based On,Baseado Em
Based on Field,Com base no campo
Based on Permissions For User,Com base em permissões para o usuário
Base URL,URL Base
Basic,Básico
Basic Information,Informações Básicas
Batch,Lote
Batch Information,Informações do Lote
BCC,CCO
Before Cancel,Antes de Cancelar
Before Delete,Antes de excluir
Before Insert,Antes da inserção
Before Save,Antes de salvar
Before Save (Submitted Document),Antes de salvar (documento enviado)
Before Submit,Antes de enviar
Benefits,Benefícios
Billing,Faturamento
Birth Date,Data de nascimento
Blocked,Bloqueado
Block Modules,Bloquear Módulos
blue,azul
Blue,Azul
Bold,Negrito
Both login and password required,É obrigatório indicar o utilizador e a palavra-passe
Bottom,Inferior
Brand,Marca
Brand HTML,Marca HTML
Brand Image,Imagem da Marca
Breakdown,Detalhamento
Browser Version,Versão do navegador
Brute Force Security,Segurança da força bruta
Build Time:,Tempo de Compilação:
Built with Frappe,Desenvolvido com Frappe
Bulk Salary Structure Assignment,Atribuição em Massa de Estruturas Salariais
Bundle,Pacote
Button,Botão
Button Gradients,Gradientes de botão
Button Rounded Corners,Botão Cantos Arredondados
Button Shadows,Sombras de botão
Bypass restricted IP Address check If Two Factor Auth Enabled,Ignorar verificação de endereço IP restrito se dois fatores de autenticação habilitados
Bypass Restricted IP Address Check If Two Factor Auth Enabled,"Ignorar endereço IP restrito, verificar se a autenticação de dois fatores estiver habilitada"
Cache cleared successfully,Cache limpo com sucesso
Cache Usage,Uso de Cache
cache used,cache utilizado
Calculating...,Calculando...
Calendar Name,Nome do calendário
Callback Message,Mensagem de retorno
Callback Title,Título de retorno
Call To Action,Apelo à ação
Call To Action URL,URL de apelo à ação
Camera Access Required,Acesso à Câmara Necessário
Camera access was aborted. Please try again.,O acesso à câmara foi abortado. Por favor tente novamente.
Campaign,Campanha
Campaign Efficiency,Eficiência da Campanha
Cancel,Cancelar
Cancelled,Cancelado
Cancel Payment,Cancelar Pagamento
Cancel Sale,Cancelar Venda
Cancel Sale ?,Cancelar Venda?
Cannot change language - same language selected,Não é possível alterar o idioma - mesmo idioma selecionado
Cannot clear cache while offline,Não é possível limpar cache offline
Card,Cartão
Cards,Postais
Category Description,Descrição da Categoria
Category Name,Nome da Categoria
CC,Cc
Center,Centro
Change interface language,Alterar idioma da interface
Change Label (via Custom Translation),Alterar etiqueta (via tradução personalizada)
Change Language,Alterar Idioma
Change Password,Alterar Senha
Change Price,Alterar Preço
Channel,Canal
Chart,Gráfico
Chart Configuration,Configuração de Gráfico
Chart Name,Nome do gráfico
Chart Options,Opções de gráfico
Charts,Gráficos
Chart Source,Fonte do gráfico
Check,Verifica
Check cache and performance,Verificar cache e desempenho
Check this if you want to force the user to select a series before saving. There will be no default if you check this.,Marque esta opção se você deseja forçar o usuário a selecionar uma série antes de salvar. Não haverá nenhum padrão se você marcar isso.
Choose authentication method to be used by all users,Escolha o método de autenticação a ser usado por todos os usuários
Choose your preferred language for the POS interface,Escolha seu idioma preferido para a interface POS
City,Cidade
City/Town,Cidade/Município
Clear,Limpar
Clear Cache,Limpar Cache
Clearing local cache...,Limpando cache local...
Clicked,Clicado
Click on the button to log in to {0},Clique no botão para iniciar sessão no {0}
Click to refresh,Clique para atualizar
Client,Cliente
Client Code,Código do cliente
Client CPU Lag:,Atraso do CPU do Cliente:
Client Credentials,Credenciais no cliente
Client ID,ID do Cliente
Client Information,Informação ao cliente
Client Memory Usage:,Uso de Memória do Cliente:
Client Metrics,Métricas do Cliente
Client Secret,Segredo do cliente
Close,Fechar
Close Condition,Fechar Condição
Closed,Fechado
Close Dialog,Fechar Diálogo
Close Shift,Fechar Turno
Closing Amount,Valor de Fecho
Closing POS Shift,Fechamento do Turno POS
Code,Código
Code scanned successfully,Código escaneado com sucesso
Collapse All,Recolher Todos
Collapsible,Desmontável
Collapsible Depends On,Depende dobrável
Column Break,Quebra de coluna
Columns,Colunas
Columns / Fields,Colunas / Campos
Comment By,Comentário por
Comments,Comentários
Comments and Communications will be associated with this linked document,Comentários e comunicações serão associados com este documento relacionado
Commit,Comprometer
Communication,Comunicação
Company,Empresa
Company Introduction,Introdução da Empresa
Company Name,Nome da Empresa
Compensatory Leave Request,Pedido de Licença Compensatória
Complete,Concluído
Completed,Concluído
Confirm Close,Confirmar Fecho
Confirm Mobile Number,Confirmar Número de Telemóvel
Connections:,Conexões:
Contact,Contacto
Contact Details,Detalhes do Contato
Contact Numbers,Números de contato
Contacts,Contatos
Context,Contexto
Continue,Continuar
Continue Editing,Continuar Editando
Contract,Contrato
Contributed,Contribuído
Contribution Document Name,Nome do documento de contribuição
Copyright,Direitos autorais
Could not fetch latest balance from server,Não foi possível obter o saldo mais recente do servidor
Counter,Contador
Country,País
Country Name,Nome do País
County,Distrito
Coupon,Cupão
Coupons,Cupões
CPU Cores:,Núcleos do CPU:
CPU Load,Carga do CPU
Create,Criar
Create Customer,Criar Cliente
Create Entry,Criar entrada
Create POS Opening Shift,Criar Abertura de Turno POS
Credit Note,Nota de Crédito
CRM Settings,Configurações de CRM
Cron Format,Formato Cron
CSS Class,Classe CSS
Currency,Moeda
Currency Name,Nome da Moeda
Currency Precision,Precisão de moeda
Current Event Loop Lag:,Atraso Atual do Event Loop:
Current User,Utilizador Atual
Custom Configuration,Configuração Personalizada
Custom CSS,CSS Personalizado
Custom Due Days,Dias de Vencimento Personalizados
Customer,Cliente
Customer already selected,Cliente já selecionado
Customer Balance,Saldo do Cliente
Customer balance unavailable offline,Saldo do cliente indisponível offline
Customer created successfully.,Cliente criado com sucesso.
Customer creation failed.,Falha ao criar cliente.
Customer Group,Grupo de Clientes
Customer group is required,Grupo de cliente é obrigatório
Customer Ledger Summary,Resumo do Razão de Clientes
Customer Name is required,Nome do Cliente é obrigatório
Customer saved offline,Cliente guardado offline
Customer territory is required,Território do cliente é obrigatório
Customer updated successfully.,Cliente atualizado com sucesso.
Custom Format,Formato Personalizado
Custom HTML Help,Ajuda HTML Personalizado
Custom Options,Opções Personalizadas
Custom Overrides,Substituições personalizadas
Custom Report,Relatório Personalizado
Custom SCSS,SCSS personalizado
Daily,Diário
Daily Long,Diário Longo
Daily Work Summary,Resumo Diário de Trabalho
Daily Work Summary Group,Grupo de Resumos Diários de Trabalho
Daily Work Summary Replies,Respostas de Resumos Diários de Trabalho
Danger,Perigo
Dark Color,Cor Escura
Dark Mode,Modo Escuro
Database Health,Saúde da Base de Dados
Database health affects overall system speed and reliability.,A saúde da base de dados afeta a velocidade e confiabilidade geral do sistema.
Database Info,Informações da Base de Dados
Data,Dados
Date,Data
Date and Number Format,Data e Formato de número
Date Format,Formato de Data
Datetime,Data e Hora
Day of Week,Dia da Semana
Days After,Dias Após
Days Before,Dias Antes
Days Before or After,Dias Antes ou Após
dd/mm/yyyy,dd/mm/aaaa
Dear,Caro
"Dear System Manager,","Caro Administrador de Sistema,"
Debit Note,Nota de Débito
Default,Padrão
"Default: ""Contact Us""","Padrão: ""Fale Conosco"""
Default Letter Head,Papel Timbrado Padrão
Default Portal Home,Página inicial do portal padrão
Default Print Format,Formato de impressão padrão
Default Print Language,Idioma de impressão padrão
Default Redirect URI,Padrão de redirecionamento URI
Default Role at Time of Signup,Função padrão no momento da inscrição
Defaults,Padrões
Default Sort Field,Campo de classificação padrão
Default Sort Order,Ordem de classificação padrão
Default Value,Valor padrão
Delayed Tasks Summary,Resumo de Tarefas Atrasadas
Delete,Excluir
Deleted Name,Nome Excluído
Delete Invoice,Eliminar Fatura
Delivery Information,Informações de Entrega
Delivery Note,Guia de Remessa
Department,Departamento
Department Wise Openings,Vagas por Departamento
Depends On,Depende de
Description,Descrição
Designation,Designação
Desk Access,Acesso ao Ambiente de Trabalho
Detecting formats:,Detectando formatos:
Device Memory:,Memória do Dispositivo:
Difference,Diferença
Difference:,Diferença:
Digits,Dígitos
Disable Auto Refresh,Desativar atualização automática
Disable Count,Desativar Contagem
Disabled,Desativado
Disable offline mode,Desativar modo offline
Disable Sidebar Stats,Desativar Estatísticas da Barra Lateral
Disable SMTP server authentication,Desativar autenticação do servidor SMTP
Discount %,% Desconto
Discount Amount,Valor de Desconto
Display Depends On,Visualização depende
Document,Documento
Document Actions,Ações do Documento
Documentation Link,Link da documentação
Documentation URL,URL de documentação
Document Link,Link do Documento
Document Links,Links de documentos
Document Name,Nome do Documento
Document Share,Partilha de Documentos
Document States,Documento Unidos
Document Tag,Etiqueta de Documento
Document Title,Título do documento
Domains HTML,Domínios HTML
Done,Feito
Don't have an account?,Não tem uma conta?
Donut,Rosquinha
Download,Baixar
Download Template,Baixar Modelo
Draft,Rascunho
Due Date,Data de Vencimento
Due Date Based On,Data de vencimento baseada em
Dunning,Cobrança de Inadimplentes
Duplicate,Duplicar
Duration,Duração
Duties,Direitos
Duties and Taxes,Direitos e Impostos
Dynamic Filters,Filtros Dinâmicos
Dynamic Filters JSON,Filtros dinâmicos JSON
Dynamic Filters Section,Seção de Filtros Dinâmicos
Dynamic Report Filters,Filtros dinâmicos de relatórios
Dynamic Route,Rota Dinâmica
Dynamic Template,Modelo dinâmico
Edit,Editar
Edited,Editado
e.g. pop.gmail.com / imap.gmail.com,ex: pop.gmail.com / imap.gmail.com
e.g. smtp.gmail.com,ex: smtp.gmail.com
Email,E-mail
Email Address,Endereço de e-mail
Email Address (Will be your login ID),Endereço de Email (será o seu ID de acesso)About,Sobre
Email Campaign,Campanha de Email
Email Group,Grupo de Emails
Email Inbox,Caixa de Entrada
Email Sent At,E-mail enviado em
Employee,Funcionário
Employee Advance Summary,Resumo de Adiantamentos de Trabalhador
Employee Attendance Tool,Ferramenta de Assiduidade do Trabalhador
Employee Benefit Application,Candidatura a Benefício do Trabalhador
Employee Benefit Claim,Requisição de Benefício do Trabalhador
Employee Checkin,Registo de Entrada do Trabalhador
Employee Exits,Saídas de Trabalhadores
Employee Grievance,Reclamação de Trabalhador
Employee Hours Utilization Based On Timesheet,Utilização de Horas do Trabalhador com Base no Timesheet
Employee Incentive,Incentivo do Trabalhador
Employee Onboarding,Integração de Trabalhador
Employee Onboarding Template,Modelo de Integração de Trabalhador
Employee Referral,Recomendação de Trabalhador
Employee Separation,Desligamento de Trabalhador
Employee Skill Map,Mapa de Competências do Trabalhador
Employees working on a holiday,Trabalhadores a Trabalhar em Feriado
Employee Tax Exemption Category,Categoria de Isenção Fiscal do Trabalhador
Employee Tax Exemption Declaration,Declaração de Isenção Fiscal do Trabalhador
Employee Tax Exemption Proof Submission,Submissão de Comprovativo de Isenção Fiscal do Trabalhador
Employee Tax Exemption Sub Category,Subcategoria de Isenção Fiscal do Trabalhador
Enable,Permitir
Enable Automatic Linking in Documents,Ativar Vinculação Automática em Documentos
Enable Auto Reply,Ativar resposta automática
Enable Comments,Ativação de comentários
Enable Password Policy,Ativar política de senha
Enable Print Server,Ativar servidor de impressão
Enable Raw Printing,Ativar impressão bruta
Enable Scheduled Jobs,Ativar Tarefas Agendadas
Enable Security,Ativar segurança
Enable Social Login,Ativar Login Social
End current session,Finalizar sessão atual
End Date,Data Final
End Date Field,Campo de data final
Ends on,Termina em
Energy Point,Ponto de energia
Enter Code displayed in OTP App.,Introduza o código mostrado na App OTP.
Enter Value,Digite o Valor
Error,Erro
Error accessing camera:,Erro ao aceder à câmara:
Error adding offer to items,Erro ao adicionar oferta aos artigos
Error deleting offer from items,Erro ao eliminar oferta dos artigos
Error fetching customer balance,Erro ao obter saldo do cliente
Error loading currencies,Erro ao carregar moedas
Error Loading Data,Erro ao Carregar Dados
Error processing payment,Erro ao processar pagamento
Error removing price offer,Erro ao remover oferta de preço
Error searching invoices,Erro ao procurar faturas
Error submitting invoice: ,Erro ao submeter fatura: 
Error submitting invoice: No response from server,Erro ao submeter fatura: Sem resposta do servidor
Error toggling item details,Erro ao alternar detalhes do artigo
Error updating item details,Erro ao atualizar detalhes do artigo
Event Category,Categoria do Evento
Event-loop lag measures how busy your browser is. Lower is better.,O atraso do event-loop mede o quão ocupado está o seu navegador. Menor é melhor.
Example,Exemplo
Example: 00001,Exemplo: 00001
Example: #Tree/Account,Exemplo: # árvore / conta
Exception,Exceção
Exemption,Isenção
Exits (This Month),Desligamentos (Este Mês)
Expand All,Expandir Todos
Expected Amount,Valor Esperado
Expense Claim Type,Tipo de Reembolso de Despesa
Expert,Especialista
Expiration time,Data de validade
Expired,Expirado
Expires In,Expira em
Expires On,Expira Em
Expiry time of QR Code Image Page,Tempo de expiração da página de imagem de código QR
Export From,Exportar de
Expose Recipients,Mostrar Destinatários
"Expression, Optional","Expressão, Opcional"
Failed,Falhou
Failed to apply offers,Falha ao aplicar ofertas
Failed to change language,Falha ao alterar o idioma
Failed to clear cache,Falha ao limpar cache
Failed to load items. Please try again.,Falha ao carregar artigos. Por favor tente novamente.
Failed to reload invoice from server,Falha ao recarregar fatura do servidor
Feedback,Comentários
Female,Feminino
Fetch From,Buscar de
Fetch Items Directly from Server,Buscar Artigos Diretamente do Servidor
Field Description,Descrição do Campo
Field to Track,Campo para rastrear
File Information,Informações do arquivo
File Name,Nome do arquivo
File Size,Tamanho do arquivo
File URL,URL do arquivo
Filter Data,Filtrar dados
Filter Meta,Filtrar Meta
Filters,Filtros
Filters Configuration,Configuração de Filtros
Filters Display,Exibição dos Filtros
Filters JSON,Filtros JSON
Filters Section,Seção de Filtros
Filter Values,Valores de filtro
Financial Reports,Relatórios Financeiros
Financial Year Begins On,Início do Ano Fiscal
Finished,Acabado
First Response Time for Opportunity,Tempo da Primeira Resposta para Oportunidade
First Success Message,Primeira mensagem de sucesso
Fixing payment amounts for return invoice...,Corrigindo valores de pagamento para fatura de devolução...
Flag,Bandeira
Flash Off,Flash Desligado
Float Precision,Precisão de Casas Decimais
Fold,Dobrar
Folder,Pasta
Font Properties,Propriedades da fonte
Fonts,Fontes
Font Size,Tamanho da Fonte
Footer,Rodapé
Footer HTML,HTML de rodapé
Footer Items,Itens do Rodapé
Footer Logo,Logotipo do rodapé
Footer Template,Modelo de rodapé
Footer Template Values,Valores de modelo de rodapé
Footer will display correctly only in PDF,Rodapé será exibido corretamente somente em PDF
Force,Força
Force Show,Forçar Exibição
Force User to Reset Password,Forçar usuário a redefinir a senha
For example: {} Open,Por exemplo: {} Abra
Forgot Password,Esqueceu a palavra-passe
Forgot Password?,Esqueceu a palavra-passe?
Format Data,Formato de dados
"For more information, <a class=""text-muted"" href=""https://docs.frappe.io/erpnext/user/manual/en/linking-emails-to-document"">click here</a>.","Para mais informações, <a class=""text-muted"" href=""https://docs.frappe.io/erpnext/user/manual/en/linking-emails-to-document"">clique aqui</a>."
Form Settings,Configurações de formulário
Form URL-Encoded,Codificado em URL do formulário
For Value,Por valor
Fraction,Fração
Fraction Units,Unidades Fracionadas
From,De
From Date,Data De
From Date Field,Do campo de data
From Full Name,De nome completo
Full,Cheio
Full Name,Nome Completo
Full Width,Largura completa
General Ledger,Razão Geral
Generate Keys,Gerar Chaves
Geolocation,Geolocalização
Get Contacts,Obter contatos
Get Items,Obter Itens
Get Payments,Obter Pagamentos
Get your globally recognized avatar from Gravatar.com,Obtenha seu avatar globalmente reconhecido de Gravatar.com
Global Unsubscribe,Cancelar Inscrição Global
GMail,Gmail
Go Offline,Desconectar
Google Analytics ID,ID do Google Analytics
Google Calendar Event ID,ID do evento do Google Agenda
Google Calendar ID,ID da Agenda do Google
Go Online,Conectar
Go to Page,Vá para página
green,verde
Green,Verde
Grievance,Reclamação
Grievance Type,Tipo de Reclamação
Group,Grupo
Group By,Agrupar Por
Group By Based On,Agrupar por Com base em
Group By Type,Agrupar por tipo
Group Node,Grupo de Nós
Half,Metade
Header,Cabeçalho
Header HTML,HTML de cabeçalho
Headers,Cabeçalhos
Heatmap,Mapa de calor
"Hello,","Olá,"
Help,Ajuda
Help Articles,Artigos de Ajuda
Help HTML,Ajuda HTML
HH:mm,HH: mm
Hide,Ocultar
Hide Block,Esconder o Bloco
Hide Border,Ocultar borda
Hide Copy,Ocultar Cópia
Hide Days,Ocultar dias
Hide Seconds,Ocultar segundos
High,Alto
Higher priority rule will be applied first,Regra de prioridade mais alta será aplicada primeiro
Highlight,Realçar
Home,Início
Home Page,Pagina inicial
Home Settings,Configurações iniciais
Hourly,De hora em hora
Hourly Long,Por hora
Hourly rate limit for generating password reset links,Limite de taxa por hora para gerar links de redefinição de senha
Hours,Horas
"How should this currency be formatted? If not set, will use system defaults","Como essa moeda deve ser formatada? Se não for definido, serão usados os padrões do sistema"
HTML Editor,Editor de HTML
HTML for header section. Optional,HTML para a seção de cabeçalho. opcional
HTML Page,Página HTML
icon,ícone
Icon will appear on the button,O ícone aparecerá no botão
Identity Details,Detalhes da identidade
"If checked, all other workflows become inactive.","Se marcada, todos os outros fluxos de trabalho tornam-se inativos."
"If disabled, this role will be removed from all users.",Se esta função for desativada será removida em todos os usuários.
"If enabled, changes to the document are tracked and shown in timeline","Se ativado, as alterações no documento são rastreadas e mostradas na linha do tempo"
If non standard port (e.g. 587),"Se não for a porta padrão (por exemplo, 587)"
"If not set, the currency precision will depend on number format","Se não for definido, a precisão da moeda dependerá do formato de número"
If user is the owner,Se o usuário é o proprietário
Ignore attachments over this size,Ignorar anexos maiores que este tamanho
Ignored Apps,Aplicativos ignorados
Ignore XSS Filter,Ignorar Filtro XSS
Image,Imagem
Image Field,Campo de Imagem
Image Link,Link da Imagem
Implicit,Implícito
Import,Importar
Import File,Importar arquivo
Import File Errors and Warnings,Erros e avisos de importação de arquivos
Import from Google Sheets,Importar do Planilhas Google
Import Log Preview,Visualização do registro de importação
Import Preview,Visualização de importação
Import Warnings,Avisos de importação
Inactive Customers,Clientes Inativos
Include Search in Top Bar,Incluem a busca no Top Bar
Income Tax Computation,Cálculo do Imposto sobre o Rendimento (IRPS)
Income Tax Deductions,Deduções do Imposto sobre o Rendimento (IRPS)
Income Tax Slab,Tabela de IRPS
Incoming,Entrada
In Days,Em dias
IndexedDB,IndexedDB
Indicator,Indicador
In Filter,No Filtro da Lista
Info,Informações
In Global Search,Na Busca Global
Initialize your shift with opening balances,Inicialize o seu turno com saldos de abertura
Initial Sync Count,Contagem de sincronização inicial
In points. Default is 9.,Em pontos. O padrão é 9.
In Preview,Na pré-visualização
In Progress,Em Progresso
In Reply To,Em resposta a
In seconds,Em segundos
Insert New Records,Inserir novos registros
Insert Style,Inserir Estilo
Installed Applications,Aplicativos Instalados
In Standard Filter,Em Filtro Padrão
Instructions Emailed,Instruções enviadas por e‑mail
Int,Inteiro
Interview,Entrevista
Interview Feedback,Feedback da Entrevista
Interview Round,Ronda de Entrevista
Interviews,Entrevistas
Interviews (This Week),Entrevistas (Esta Semana)
Interview Type,Tipo de Entrevista
Introduce your company to the website visitor.,Apresente sua empresa para o visitante do site.
Introductory information for the Contact Us Page,Informação introdutória para a página Fale Conosco
Invalid closing amount,Valor de fecho inválido
Invalid Credentials,Credenciais Inválidas
Invalid Login. Try again.,Início de sessão inválido. Tente novamente.
Invalid URL,URL inválida
Inverse,Inverso
Invoice,Fatura
Invoices,Faturas
Invoice saved offline,Fatura guardada offline
Invoices saved as POS Invoices,Faturas guardadas como Faturas POS
IP Address,Endereço de IP
Is Active,É Ativo
Is Attachments Folder,É Pasta de Anexos
Is Complete,Está completo
Is Completed,Está completo
Is Custom Field,É campo personalizado
Is Folder,É Pasta
Is Mandatory Field,É campo obrigatório
Is Optional State,É estado opcional
Is Primary,É primário
Is Primary Contact,É o contato principal
Is Primary Mobile,É o Telemóvel principal
Is Primary Phone,É o telefone principal
Is Private,É privada
Is Public,É público
Is Published Field,É Publicado campo
Is Return,É Devolução
Is Skipped,É pulado
Is Standard,É Padrão
Is Table,É Tabela
Is Tree,É árvore
Is Unique,É único
Item,Artigo
Item Category,Categoria de Artigos
Item Code,Código do Artigo
Item Group,Grupo de Artigos
Item Name,Nome do Artigo
Item not found,Artigo não encontrado
Item order updated,Ordem do artigo atualizada
Item Price,Preço do Artigo
Item Price List,Lista de Preços de Artigos
Item price updated,Preço do artigo atualizado
Items,Artigos
Items added to invoice,Artigos adicionados à fatura
Item Selector Settings,Configurações do Seletor de Artigos
Item Tax Template,Modelo de Imposto do Artigo
Javascript is disabled on your browser,O JavaScript está desativado no seu navegador
Job Applicant,Candidato a Emprego
Job Offer,Oferta de Emprego
Job Opening,Vaga de Emprego
Job Position,Cargo
Job Requisition,Requisição de Emprego
Jobs,Empregos
JSON Request Body,Corpo da solicitação JSON
Kanban Board,Painel Kanban
Key,Chave
Label and Type,Etiqueta e Tipo
Label Help,Ajuda sobre Etiquetas
Landing Page,Página de chegada
Language,Idioma
Language changed successfully! Reloading...,Idioma alterado com sucesso! Recarregando...
Language Code,Código do Idioma
Language Name,Nome do Idioma
Language will be changed to,O idioma será alterado para
Last Active,Ativo pela última vez
Last Execution,Última Execução
Last IP,Último IP
Last Known Versions,Últimas versões conhecidas
Last Login,Último Login
Last Month,Mês passado
Last Password Reset Date,Data da última redefinição de senha
Last Quarter,Ultimo quarto
Last Synced On,Última sincronização em
Last Sync On,Última sincronização em
Last User,Último usuário
Last Week,Semana passada
Last Year,Ano passado
Later,Mais Tarde
LDAP First Name Field,Campo Primeiro Nome do LDAP
LDAP Group,Grupo LDAP
LDAP Group Field,Campo do Grupo LDAP
LDAP Group Mappings,Mapeamentos de grupo LDAP
LDAP Last Name Field,Campo Sobrenome LDAP
LDAP Middle Name Field,Campo de nome do meio LDAP
LDAP Mobile Field,Campo Móvel LDAP
LDAP Phone Field,Campo de telefone LDAP
LDAP Search String,Palavra de Busca do LDAP
LDAP Security,Segurança LDAP
LDAP User Creation and Mapping,Criação e Mapeamento de Usuários LDAP
LDAP Username Field,Campo Nome de Usuário do LDAP
Lead,Lead
Lead Details,Detalhes da Lead
Lead Owner Efficiency,Eficiência do Responsável pela Lead
Lead Source,Origem da Lead
Leave Allocation,Atribuição de Licença
Leave Application,Pedido de Licença
Leave blank to repeat always,Deixe em branco para repetir sempre
Leave Control Panel,Painel de Controlo de Licenças
Leave Encashment,Conversão de Licença em Dinheiro
Leave Period,Período de Licença
Leave Policy,Política de Licenças
Leave Policy Assignment,Atribuição de Política de Licenças
Leaves,Licenças / Férias
Leave Type,Tipo de Licença
Ledger,Livro Razão
Let's set up your account,Vamos preparar a sua conta
Letter,Carta
Letter Head,Papel Timbrado
Letter Head Based On,Papel Timbrado Baseado em
Letter Head Image,Imagem do Papel Timbrado
Letter Head in HTML,Papel Timbrado em HTML
Letter Head Name,Nome do Papel Timbrado
Light Color,Cor clara
Likes,Gostos
Limit,Limite
Line,Linha
Link Cards,Cartões de ligação
Linked,Relacionado
Link Fieldname,Nome do campo do link
Link Name,Nome do Link
Link Title,Título do Link
Link To,Link para
Link to the page you want to open. Leave blank if you want to make it a group parent.,Link para a página que você deseja abrir. Deixe em branco se você quiser torná-lo um pai grupo.
List,Lista
Load Balancing,Balanceamento de carga
Load Drafts,Carregar Rascunhos
Loading...,Carregando...
Loading cache...,Carregando cache...
Loading database stats...,Carregando estatísticas da base de dados...
Loading details...,Carregando detalhes...
Loading server CPU/memory usage...,Carregando uso de CPU/memória do servidor...
Load More Invoices,Carregar Mais Faturas
Load previously saved invoices,Carregar faturas previamente guardadas
Load Sales Invoice,Carregar Fatura de Venda
localStorage,Armazenamento Local
Location,Localização
Log,Registo
Login,Iniciar sessão
Login link sent to your email,Ligação de acesso enviada para o seu e‑mail
Login to {0},Iniciar sessão no {0}
Login To {0},Iniciar sessão no {0}
Log In To {0},Iniciar sessão no {0}
Login with {0},Iniciar sessão com {0}
Login with Email Link,Iniciar sessão com ligação por e-mail
Login with Frappe Cloud,Iniciar sessão com Frappe Cloud
Login with LDAP,Iniciar sessão com LDAP
Logout,Sair
Logout All Sessions on Password Reset,Sair de todas as sessões ao redefinir a senha
Logout From All Devices After Changing Password,Saia de todos os dispositivos após alterar a senha
Long Text,Texto Longo
Low,Baixo
Loyalty Point Offer Applied,Oferta de Pontos de Lealdade Aplicada
Madam,Senhora
Main Section,Seção Principal
Main Section (HTML),Seção Principal (HTML)
Main Section (Markdown),Seção Principal (Remarcação)
Maintenance,Manutenção
Maintenance Manager,Gerente de Manutenção
Maintenance Schedule,Plano de Manutenção
Maintenance User,Usuário da Manutenção
Maintenance Visit,Visita de Manutenção
Male,Masculino
Manage and synchronize your offline transactions,Gerir e sincronizar as suas transações offline
Mandatory,Obrigatório
Mandatory Depends On,Obrigatório Depende
Manual or Hardware Scanner Input,Entrada Manual ou de Scanner de Hardware
Map route parameters into form variables. Example <code>/project/&lt;name&gt;</code>,Mapeie os parâmetros da rota em variáveis de formulário. Exemplo <code>/project/&lt;name&gt;</code>
Markdown Editor,Editor de Markdown
Master,Cadastro
Masters,Tabelas
Masters & Reports,Tabelas & Relatórios
Max Attachments,Máx. de Anexos
Maximum,Máximo
Maximum Number of Fields,Número Máximo de Campos
Max Length,Comprimento máximo
Max Value,Max Valor
Medium,Médio
Mention,Menção
Mentions,Menções
Menu,Menu
Merge with existing,Mesclar com existente
Message Examples,Exemplos de Mensagens
Message ID,ID da Mensagem
Message Parameter,Parâmetro da mensagem
Message Sent,Mensagem Enviada
Method,Método
Middle Name,Nome do Meio
Minimum,Mínimo
Miss,Senhorita
Missing Values Required,Faltando Valores Obrigatórios
mm/dd/yyyy,mm/dd/aaaa
Mobile,Móvel
Mobile No,Telemóvel
Mode,Modo
Mode of Payment,Modo de Pagamento
module,módulo
Module Name,Nome do Módulo
Modules HTML,Módulos HTML
Month,Mês
Monthly,Mensal
Monthly Attendance Sheet,Mapa Mensal de Assiduidade
Monthly Long,Mensalmente Longo
More content for the bottom of the page.,Mais conteúdo na parte de baixo da página.
More Information,Mais Informações
Move,Mover
Multiple Items Found,Múltiplos Artigos Encontrados
Must be a publicly accessible Google Sheets URL,Deve ser um URL de planilhas do Google acessível publicamente
Mute Sounds,Desativar Sons
Name,Nome
Naming,Nomeação
Naming Series,Séries de Numeração
New,Novo
New Hires (This Month),Novas Contratações (Este Mês)
New Offer Available,Nova Oferta Disponível
New Price List Rate,Novo Preço da Lista
Newsletter,Boletim Informativo
New value to be set,Novo valor a ser definido
New version ready,Nova versão pronta
Next,Próximo
Next Schedule Date,Próxima data programada
No,Não
No.,Nº
Nobile Number,Número de Telemóvel
No Copy,Nenhuma Cópia
No Data,Sem Dados
No data to export,Nenhum dado para exportar
no failed attempts,tentativas não falharam
No invoices found,Nenhuma fatura encontrada
No invoices found. Try different search criteria.,Nenhuma fatura encontrada. Tente diferentes critérios de pesquisa.
Non-Conforming,Não conforme
None,Nenhum
Non Negative,Não Negativo
No offline invoices pending synchronization,Nenhuma fatura offline pendente de sincronização
Not active,Inativo
Not Allowed,Não Desejados
Not Allowed: Disabled User,Não permitido: Utilizador desativado
Not a valid user,Utilizador inválido
Note,Nota
"Note: For best results,  images must be of the same size and width must be greater than height.","Nota: Para obter melhores resultados, as imagens devem ter o mesmo tamanho e a largura deve ser maior que a altura."
Note: Multiple sessions will be allowed in case of mobile device,Observação: Serão permitidas múltiplas sessões no caso de dispositivo móvel
Notify if unreplied,Informar se não for respondido
Notify if unreplied for (in mins),Informar se não for respondido em (minutos)
Not permitted,Não Permitido
Not Permitted,Não Permitido
Number,Número
Number Format,Formato de número
Number of Backups,Número de Backups
Number of Groups,Número de Grupos
Off,Desligado
Offer,Oferta
Offer?,Oferta?
Offers,Ofertas
Offers applied and invoice refreshed,Ofertas aplicadas e fatura atualizada
Office,Escritório
Offline Invoices,Faturas Offline
OK,OK
on_change,em mudança
On Hold,Em Espera
Only Allow Edit For,Somente permite edição para
Only Send Records Updated in Last X Hours,Somente Enviar Registros Atualizados em Últimas X Horas
Oops! Something went wrong.,Ups! Algo correu mal.
Open,Aberto
OpenCV image processing enabled - Enhanced barcode detection,Processamento de imagem OpenCV ativado - Deteção de código de barras melhorada
OpenCV Off,OpenCV Desligado
OpenCV processing disabled,Processamento OpenCV desativado
Open Documents,Documentos abertos
Opened,Inaugurado
Opening Amount,Valor de Abertura
Open Reference Document,Documento de Referência Aberto
Open URL in a New Tab,Abrir URL em uma nova guia
Operation,Operação
Opportunity,Oportunidade
Opportunity Summary by Sales Stage,Resumo de Oportunidades por Etapa de Vendas
Optional: The alert will be sent if this expression is true,Opcional: O alerta será enviado se essa expressão é verdadeira
Options Help,Ajuda sobre Opções
or,ou
orange,laranja
Order,Pedido
Org History,História da Organização
Org History Heading,Cabeçalho da História da Organização
Other,Outro
OTP App,Aplicação OTP
OTP Issuer Name,Nome da Emissora OTP
OTP setup using OTP App was not completed. Please contact Administrator.,A configuração via App OTP não foi concluída. Contacte o Administrador.
Outgoing,Saída
Outgoing Salary,Pagamento de Salário
Output,Saída
Outstanding,Pendente
Overtime,Horas Extra
Overtime Slip,Ficha de Horas Extra
Overtime Type,Tipo de Horas Extra
Owner,Proprietário
Packing List,Lista de Empacotamento
page,página
Page {0} of {1},Página {0} de {1}
Page Building Blocks,Blocos de construção de página
Page HTML,Página HTML
Page Name,Nome da Página
Page Settings,Configurações da página
Paid,Pago
Parent Item,Artigo Principal
Parent Label,Etiqueta Pai
Passive,Passivo
Password,Palavra-passe
Password for Base DN,Senha para DN de base
Password Reset Link Generation Limit,Limite de geração de link de redefinição de senha
Patch,Remendo
Path to private Key File,Caminho para o arquivo de chaves privado
Path to Server Certificate,Caminho para o certificado do servidor
PAY,PAGAR
Payment Entry,Recibo
Payment ID,ID do Pagamento
Payment Methods,Métodos de Pagamento
Payment name not found. Cannot open print view.,Nome do pagamento não encontrado. Não é possível abrir visualização de impressão.
Payment Reconciliation,Reconciliação de Pagamento
Payments,Pagamentos
Payment saved offline,Pagamento guardado offline
Payroll,Folha de Pagamento
Payroll Entry,Entrada de Folha de Pagamento
Payroll Period,Período de Folha de Pagamento
PDF Page Size,Tamanho da página PDF
PDF Settings,Configurações do PDF
Peak:,Pico:
Peak Memory:,Memória de Pico:
Peak Server:,Servidor de Pico:
Pending,Pendente
Pending Approval,Aprovação pendente
Pending Invoices,Faturas Pendentes
Pending Sync,Sincronização Pendente
Percentage,Percentagem
Period,Período
Permanent,Permanente
Permission Manager,Gestor de Permissões
Permission Rules,Regras de Permissão
Perm Level,Nível Permanente
Personal,Pessoal
Phone,Telefone
Pie,Torta
Plant,Fábrica
Please allow camera access to scan codes,Por favor permita acesso à câmara para escanear códigos
Please configure a POS Profile first,Por favor configure primeiro um Perfil POS
Please make a payment or select an payment,Por favor faça um pagamento ou selecione um pagamento
Please request phone payment or use another payment method,Por favor solicite pagamento por telefone ou use outro método de pagamento
Please select a customer,Por favor selecione um cliente
Please select a customer first,Por favor selecione primeiro um cliente
Please select an invoice,Por favor selecione uma fatura
Please set the customer's mobile number,Por favor defina o número de telemóvel do cliente
Please try again or enter the item manually.,Por favor tente novamente ou insira o artigo manualmente.
Please verify the barcode or check the item's availability.,Por favor verifique o código de barras ou verifique a disponibilidade do artigo.
Please verify the barcode or search manually.,Por favor verifique o código de barras ou procure manualmente.
Port,Porta
POS,POS
Position,Posição
Position the QR code or barcode within the scanning area,Posicione o código QR ou código de barras dentro da área de escaneamento
Precision,Precisão
Prefer not to say,Prefiro não dizer
Preferred Billing Address,Endereço preferido de faturamento
Preferred Shipping Address,Endereço preferido para entrega
Prefix,Prefixo
Preview,Pré-visualização
Preview HTML,Pré-visualização de HTML
Preview Message,Visualizar mensagem
Price List,Lista de Preços
Price List Rate,Preço da Lista
Pricing & Discounts,Preços e Descontos
Primary,Primário
Primary Color,Cor primária
print,imprimir
Print,Impressão
Print Draft,Imprimir Rascunho
Printer Name,Nome da impressora
Print Format,Formato de Impressão
Print Format Help,Ajuda sobre Formatos de Impressão
Print Format Type,Tipo do Formato de Impressão
Print Heading,Cabeçalho de Documento
Print Hide,Ocultar Impressão
Print Hide If No Value,Ocultar Impressão se não Preenchido
Print Last Invoice,Imprimir Última Fatura
Print Server,Servidor de impressão
Print Style Name,Nome do estilo de impressão
Print Style Preview,Estilo de visualização de impressão
Print Width,Largura de impressão
"Print Width of the field, if the field is a column in a table","Largura de impressão do campo, se o campo é uma coluna na tabela"
Print with letterhead,Imprimir com o timbre
Priority,Prioridade
Processing Payment,Processando Pagamento
Professional Tax Deductions,Deduções de Imposto Profissional
Project,Projeto
Project Profitability,Rentabilidade do Projeto
Property Depends On,Propriedade depende
Prospect,Prospecto
Prospects Engaged But Not Converted,Prospects Contactados mas Não Convertidos
Provident Fund Deductions,Deduções do INSS
Provider,Fornecedor
Provider Name,Nome do provedor
Pulled from Google Calendar,Extraído do Google Agenda
Pulled from Google Contacts,Extraído dos Contatos do Google
Pull from Google Calendar,Puxe do Google Agenda
Purchase Invoice,Fatura de Compra
Purchase Manager,Gerente de Compras
Purchase Master Manager,Gerente de Cadastros de Compras
Purchase Taxes and Charges Template,Modelo de Impostos de Compras
Purchase User,Usuário de Compra
purple,roxo
Purpose of Travel,Finalidade da Viagem
Push to Google Calendar,Enviar para o Google Agenda
Push to Google Contacts,Enviar para os Contatos do Google
Qty,Qtd
QTY,QUANT
Quarterly,Trimestralmente
Query,Consulta
Query Options,Opções de Consulta
query-report,relatório-de-consulta
Quick Access,Acesso Rápido
Quick Entry,Entrada Rápida
Quotation,Cotação
Range,Alcance
Rate,Preço
RAW Information Log,Registro de informações RAW
Read by Recipient,Lido por destinatário
Read by Recipient On,Lido por destinatário ativado
Read Only Depends On,Somente leitura depende
Ready,Pronto
Reason,Motivo
Received,Recebido
Receiver By Document Field,Receptor por campo de documento
Receiver By Role,Receptor por função
Receiver Parameter,Parâmetro do recebedor
Recipient,Destinatário
Recipients,Destinatários
Recipient Unsubscribed,Destinatário com inscrição cancelada
Reconcile payment methods and close shift,Reconcilie os métodos de pagamento e feche o turno
Recruitment Analytics,Análise de Recrutamento
red,vermelho
Red,Vermelho
Redirect URL,Redirecionar URL
Reference,Referência
Reference Date,Data de Referência
Reference Docname,Nome do Documento de Referência
Reference DocName,Nome do Documento de Referência
Reference Invoice,Fatura de Referência
Reference name,Nome de Referência
Reference Name,Nome de Referência
Reference Owner,Proprietário de Referência
Reference Report,Relatório de referência
Refresh,Atualizar
Refresh Google Sheet,Atualizar planilha do Google
Relinked,Religado
Reload Items,Recarregar Artigos
Reload Now,Recarregar Agora
Remember Last Selected Value,Lembrar última seleção
Remove,Remover
Remove local data and refresh,Remover dados locais e atualizar
Rename,Renomear
Reopen,Reabrir
Repeat On,Repetir em
Repeat on Day,Repetir no dia
Repeat on Last Day of the Month,Repetir no último dia do mês
Repeat this Event,Repita este evento
Repeat Till,Repita até que
Replied,Respondido
_report,_relatório
Report,Relatório
Report Description,Descrição do relatório
Report Filters,Filtros de relatório
Report Hide,Ocultar Relatório
Report Information,Informações do Relatório
Reports,Relatórios
Reprint previous transaction,Reimprimir transação anterior
Request,Pedido
Request Data,Solicitar Dados
Request Structure,Estrutura da solicitação
Request URL,URL do pedido
Required columns cannot be hidden,Colunas obrigatórias não podem ser ocultadas
Require Trusted Certificate,Exigir certificado confiável
Reset,Redefinir
Reset Password,Redefinir palavra-passe
Reset Password Key,Redefinição de senha chave
response,resposta
Response,Resposta
Restored,Restaurado
Restrict IP,Restringir IP
Restrict to Domain,Restringir ao domínio
Restrict To Domain,Restringir ao domínio
Retention Bonus,Bónus de Retenção
Retry,Tentar Novamente
Return,Devolução
Return without Invoice,Devolução sem Fatura
Reverse Icon Color,Inverta Ícone Cor
Revoked,Revogado
Role and Level,Função e Nível
Role Name,Nome da Função
Roles Assigned,Funções Atribuídas
Roles HTML,Funções HTML
Roster,Escala de Trabalho
Round Robin,Robin Redondo
Route Redirects,Redirecionamentos de rota
Row Index,Índice de linhas
Row Name,Nome da Linha
Rows:,Linhas:
Rule,Regra
Rule Conditions,Condições da regra
Rules with higher priority number will be applied first.,Regras com número de prioridade mais alta serão aplicadas primeiro.
Run Jobs only Daily if Inactive For (Days),Executar trabalhos apenas diariamente se inativo por (dias)
Run scheduled jobs only if checked,As tarefas agendadas somente serão executadas se a opção estiver marcada
Salary Component,Componente Salarial
Salary Payments Based On Payment Mode,Pagamentos de Salário por Método de Pagamento
Salary Payments via ECS,Pagamentos de Salário via Transferência Bancária
Salary Payout,Pagamento de Salário
Salary Register,Registo Salarial
Salary Slip,Recibo de Salário
Salary Structure,Estrutura Salarial
Salary Structure Assignment,Atribuição de Estrutura Salarial
Salary Withholding,Retenção Salarial
Sales Funnel,Funil de Vendas
Sales Invoice,Fatura
Sales Invoices,Faturas
Sales Manager,Gerente de Vendas
Sales Master Manager,Gerente de Cadastros de Vendas
Sales Order,Ordem de Venda
Sales Person,Vendedor
Sales Pipeline,Pipeline de Vendas
Sales Pipeline Analytics,Análise do Funil de Vendas
Sales Return,Devolução de Venda
Sales Stage,Etapa de Vendas
Sales Taxes and Charges Template,Modelo de Impostos de Vendas
Sales User,Usuário de Vendas
Sample,Amostra
Save,Salvar
Save & Clear,Guardar e Limpar
Scan Error,Erro de Escaneamento
Scanned Code:,Código Escaneado:
Scanning items,Escaneando artigos
Scan QR Code/Barcode,Escanear Código QR/Código de Barras
Scheduled Job,Trabalho agendado
Scheduler Inactive,Agendador Inativo
Scheduler is inactive. Cannot import data.,O agendador está inativo. Não é possível importar dados.
Search,Pesquisar
Search Fields,Campos de Pesquisa
Search Mpesa Payments,Procurar Pagamentos M-Pesa
Search Priorities,Prioridades de pesquisa
Section,Seção
Section Break,Quebra de seção
Security Settings,Configurações de Segurança
Seen By,Visto por
Seen By Table,Visto por tabela
Select,Selecionar
Select a customer to use coupon,Selecione um cliente para usar cupão
Select Columns to Display,Selecionar Colunas para Exibir
Select Date Range,Selecionar período
Select items to apply offers,Selecione artigos para aplicar ofertas
Select Language,Selecionar Idioma
Select Payment,Selecionar Pagamento
Select Return Invoice,Selecionar Fatura de Devolução
Select Sales Orders,Selecionar Pedidos de Venda
Select S.O,Selecionar P.V
Select the label after which you want to insert new field.,Selecione a etiqueta após a qual você deseja inserir um novo campo.
Select Transaction,Selecione a Transação
Send,Enviar
Send After,Envie Depois
Send alert if date matches this field's value,Enviar alerta se a data corresponde valor deste campo
Send alert if this field's value changes,Enviar alerta se muda o valor desse campo
Send Alert On,Enviar Alerta
Send days before or after the reference date,Enviar dias antes ou depois da data de referência
Sending,Enviando
Send login link,Enviar ligação de acesso
Send Notifications For Documents Followed By Me,Enviar notificações para documentos seguidos por mim
Send Notification to,Enviar Notificação para
Send Now,Enviar Agora
Send only if there is any data,Envie somente se houver quaisquer dados
Send Print as PDF,Enviar impressão como PDF
Send System Notification,Enviar Notificação do Sistema
Send To All Assignees,Enviar para todos os cessionários
Sent or Received,Enviados ou recebidos
Sent Read Receipt-MZ,Enviar Confirmação de Leitura
Separator,Separador
Serial,Serial
Serial Numbers,Números de Série
Series,Série
Series List for this Transaction,Lista de séries para esta transação
Server Action,Ação do Servidor
Server CPU Usage:,Uso de CPU do Servidor:
Server Health,Saúde do Servidor
Server IP,IP do servidor
Server Memory Usage:,Uso de Memória do Servidor:
Server Metrics,Métricas do Servidor
Server Uptime:,Tempo Ativo do Servidor:
Service,Serviço
Set New Password,Definir nova senha
Set Property After Alert,Definir propriedade após o alerta
Set Role For,Definir papel para
Settings,Configurações
Settings Dropdown,Lista suspensa de configurações
Setup your organization,Configure a sua organização
Set Value,Definir valor
share,ação
Shared,Compartilhado
Shift Assignment,Atribuição de Turno
Shift Assignment Tool,Ferramenta de Atribuição de Turnos
Shift & Attendance,Turnos & Assiduidade
Shift Attendance,Assiduidade por Turno
Shift Location,Local de Turno
Shift Request,Pedido de Turno
Shifts,Turnos
Shift Schedule,Horário de Turno
Shift Schedule Assignment,Atribuição de Horário de Turno
Shift Type,Tipo de Turno
Shipping,Expedição
Shipping Address,Endereço Para Entrega
Shop,Loja
Show,Mostrar
Show Full Error and Allow Reporting of Issues to the Developer,Mostrar erro completo e permitir relatórios de problemas para o desenvolvedor
Show Full Form?,Mostrar formulário completo?
Show full form instead of a quick entry modal,Mostrar o formulário completo em vez de um modal de entrada rápida
Show in filter,Mostrar no filtro
Show in Module Section,Mostrar na Seção Módulo
Show Line Breaks after Sections,Mostrar quebras de linha após seções
Show percentage difference according to this time interval,Mostra a diferença percentual de acordo com este intervalo de tempo
Show Percentage Stats,Mostrar estatísticas percentuais
Show Section Headings,Mostrar Seção Títulos
Show Title,Mostrar Título
Sidebar Items,Itens da barra lateral
Sidebar Settings,Configurações da barra lateral
Signature,Assinatura
Sign out of session,Sair da sessão
Sign up,Registar
Simultaneous Sessions,Sessões simultâneas
Size,Tamanho
Size:,Tamanho:
Skip Authorization,Ignorar autorização
Slack,Folga
Slack Channel,Canal de folga
Slow Queries:,Consultas Lentas:
Smallest Currency Fraction Value,Menor valor fracionado de moeda
Small Text,Texto Pequeno
SMS Center,Centro de SMS
SMS Log,Registo de SMS
SMS Settings,Configurações de SMS
SMS was not sent. Please contact Administrator.,O SMS não foi enviado. Contacte o Administrador.
Social Login Provider,Provedor de acesso social
Something went wrong.,Algo correu mal.
Sort Field,Ordenar por campo
Sort Order,Ordem de classificação
Source,Origem
SSL/TLS Mode,Modo SSL / TLS
Staffing Plan,Plano de Pessoal
Start,Iniciar
Start Date,Data de Início
Start Date Field,Campo de Data de Início
Started,Começado
Starts on,Inicia em
State,Estado
State/Province,Estado / Província
States,Estados
Static Parameters,Parâmetros estáticos
Stats Time Interval,Intervalo de tempo das estatísticas
Step,Degrau
Steps,Passos
Stock Information,Informações de Stock
Stock is lower than requested. Proceeding may create negative stock.,O stock é inferior ao solicitado. Prosseguir pode criar stock negativo.
Stop,Parar
Stopped,Parado
Stores the JSON of last known versions of various installed apps. It is used to show release notes.,Armazena o JSON das últimas versões conhecidas de vários aplicativos instalados. Ele é usado para mostrar notas de lançamento.
Style,Estilo
Style Settings,Configurações de Estilo
Stylesheet,Folha de estilo
Subdomain,Subdomínio
Sub-domain provided by erpnext.com,Sub-domínio fornecido pelo erpnext.com
Subject,Assunto
Submit,Enviar
Submit After Import,Enviar após importação
Submit & Print,Submeter e Imprimir
Submitted,Enviado
Subsidiary,Subsidiário
Subtitle,Subtítulo
Success,Sucesso
Successfully scanned:,Escaneado com sucesso:
Success Message,Mensagem de sucesso
Success URL,URL de Confirmação
Supplier,Fornecedor
Supplier Ledger Summary,Resumo do Razão de Fornecedores
Switch Camera,Alternar Câmara
Switched to: ,Alternado para: 
Switch theme appearance,Alternar aparência do tema
Symbol,Símbolo
Sync,Sincronizar
Sync All Invoices,Sincronizar Todas as Faturas
Sync Offline Invoices,Sincronizar Faturas Offline
Sync with Google Calendar,Sincronize com o Google Agenda
Sync with Google Contacts,Sincronizar com os contatos do Google
System,Sistema
System Information,Informações do Sistema
System Manager,Administrador do Sistema
System managers are allowed by default,Gerentes de sistema são permitidos por padrão
System Notification,Notificação do sistema
System Page,Página do sistema
System Status,Estado do Sistema
Table Break,Pausa para a mesa
Table HTML,Tabela HTML
Tables:,Tabelas:
Task,Tarefa
Tasks,Tarefas
Tax,Imposto
Tax Category,Categoria Fiscal
Tax ID,NUIT
Tax Setup,Configuração de Impostos
Team Members Heading,Título da página Membros da Equipe
Template,Modelo
Template Options,Opções de modelo
Template Warnings,Avisos do modelo
Territory,Território
Territory Wise Sales,Vendas por Território
Text,Texto
Text Align,Alinhar Texto
Text Color,Cor do texto
Text Editor,Editor de Texto
The app stores data locally for offline use. This is called cache.,O aplicativo armazena dados localmente para uso offline. Isto chama-se cache.
The link will expire in {0} minutes,A ligação expira em {0} minutos
Theme,Tema
Theme Configuration,Configuração do Tema
Theme URL,URL do tema
The name that will appear in Google Calendar,O nome que aparecerá no Google Agenda
These invoices will be synced when connection is restored,Estas faturas serão sincronizadas quando a conexão for restaurada
These values will be automatically updated in transactions and also will be useful to restrict permissions for this user on transactions containing these values.,Esses valores serão atualizados automaticamente em transações e também serão úteis para restringir as permissões para este usuário em operações que contenham esses valores.
The system could not retrieve the item details. Please try again.,O sistema não conseguiu obter os detalhes do artigo. Por favor tente novamente.
Third Party Authentication,Autenticação de Terceiros
This barcode could not be matched to any item.,Este código de barras não pôde ser associado a nenhum artigo.
This card will be available to all Users if this is set,Este cartão estará disponível para todos os usuários se estiver definido
This chart will be available to all Users if this is set,Este gráfico estará disponível para todos os usuários se estiver definido
This coupon already used !,Este cupão já foi usado!
This format is used if country specific format is not found,Este formato é usado se o formato específico país não é encontrado
This is an item template. Please choose a variant.,Este é um modelo de artigo. Por favor escolha uma variante.
This is the number of the last created transaction with this prefix,Este é o número da última transação criada com este prefixo
This will be shown in a modal after routing,Isso será mostrado em um modal após o roteamento
This will be shown to the user in a dialog after routing to the report,Isso será mostrado ao usuário em uma caixa de diálogo após o roteamento para o relatório
Time,Hora
Time format,Formato da hora
Time Format,Formato da hora
Time in seconds to retain QR code image on server. Min:<strong>240</strong>,Tempo em segundos para manter a imagem do código QR no servidor. Min: <strong>240</strong>
Timeline Links,Links da linha do tempo
Time Series,Séries Temporais
Time Series Based On,Séries Temporais Baseadas em
Time Zones,Fusos horários
Tip: Clear cache regularly to free up space and keep the app fast.,Dica: Limpe o cache regularmente para liberar espaço e manter o aplicativo rápido.
Tip: Close unused tabs or apps to reduce lag.,Dica: Feche abas ou aplicativos não utilizados para reduzir atraso.
Tip: Monitor slow queries and table size for optimal performance.,Dica: Monitore consultas lentas e tamanho da tabela para desempenho ideal.
Title,Título
Title Field,Campo Título
Title Prefix,Prefixo do Título
To,Para
To and CC,Para e CC
To Date,Até a Data
To Date Field,Até o momento do campo
Token,Símbolo
Tools,Ferramentas
Top,Topo
Top Bar Items,Itens da barra superior
Topic,Tópico
Top Tables,Principais Tabelas
Total,Total
Total:,Total:
Total Active Items,Total de Artigos Ativos
Total Amount,Valor Total
Total Incoming Bills,Total de Faturas Recebidas
Total Incoming Payment,Total de Pagamentos Recebidos
Total Invoices:,Total de Faturas:
Total Mpesa:,Total M-Pesa:
Total Outgoing Bills,Total de Faturas Emitidas
Total Outgoing Payment,Total de Pagamentos Efetuados
- Total Outstanding,- Total Pendente
Total Payments:,Total de Pagamentos:
Totals,Totais
Total Selected :,Total Selecionado:
Total Size,Tamanho Total
Total Stock Value,Valor Total do Stock
Total Subscribers,Total de Assinantes
- Total Unallocated,- Total Não Alocado
Total Warehouses,Total de Armazéns
Track Changes,Rastrear Alterações
Track Field,Trilha de corrida
Track Seen,Marcar como visto
Track Views,Acompanhar vistas
Training,Formação
Training Event,Evento de Formação
Training Feedback,Feedback da Formação
Training Program,Programa de Formação
Training Result,Resultado da Formação
Trainings (This Week),Formações (Esta Semana)
Transgender,Transgênero
Transition Rules,Regras de transição
Transitions,Transições
Translatable,Traduzível
Translated Text,Texto Traduzido
Travel Request,Pedido de Viagem
Tree,Árvore
Tree structures are implemented using Nested Set,As estruturas de árvore são implementadas usando o Conjunto Aninhado
Trigger Method,Método gatilho
Two Factor Authentication,Autenticação de dois fatores
Two Factor Authentication method,Método de autenticação de dois fatores
Type,Tipo
Unable to add scanned item.,Não é possível adicionar artigo escaneado.
Unable to fetch draft invoices,Não é possível obter faturas rascunho
Unable to fetch draft orders,Não é possível obter pedidos rascunho
Unable to fetch M-Pesa payments,Não é possível obter pagamentos M-Pesa
Unable to fetch sales orders,Não é possível obter pedidos de venda
Unable to load the selected sales order,Não é possível carregar o pedido de venda selecionado
Unable to print draft invoice,Não é possível imprimir fatura rascunho
Unable to submit the selected payment,Não é possível submeter o pagamento selecionado
Unallocated,Não Alocado
Unassign Condition,Desatribuir condição
Unique,Único
Unit of Measure,Unidade de Medida
Unknown,Desconhecido
Unknown error,Erro desconhecido
Unpaid Expense Claim,Reembolso de Despesa Não Pago
Unread,Não lida
Unread Notification Sent,Notificação de mensagem não lida enviada
UNSEEN,Por Ler
Unshared,Não Compartilhado
Unsubscribe Method,Método de Cancelamento de Inscrição
UOM,Unidade de Medida
Update,Atualizar
Update Customer,Atualizar Cliente
Update Existing Records,Atualizar registros existentes
Update Field,Atualizar Campo
Updates automatically,Atualiza automaticamente
Update Series Number,Atualizar Números de Séries
Update Settings,Atualizar configurações
Update Value,Atualizar Valor
Upload Attendance,Carregar Assiduidade
Uploaded To Dropbox,Enviado para o Dropbox
Uploaded To Google Drive,Carregado no Google Drive
Upload pending transactions,Carregar transações pendentes
URL for documentation or help,URL para documentação ou ajuda
Usage,Uso
Usage Stats,Estatísticas de Uso
Use ASCII encoding for password,Use codificação ASCII para senha
Used:,Usado:
Use date range to search for older invoices,Use intervalo de datas para procurar faturas antigas
Use IMAP,Usar IMAP
User,Usuário
User {0} is disabled,Usuário {0} está desativado
User Agent,Agente de usuário
User Cannot Create,O Usuário não pode criar
User Cannot Search,O Usuário não pode pesquisar
User Defaults,Padrões de Perfil
User does not exist.,O utilizador não existe.
Use Report Chart,Usar gráfico de relatório
User ID,ID de Usuário
User ID Property,Propriedade de ID do usuário
User Image,Imagem do Usuário
User must always select,O Usuário deve sempre selecionar
User Name,Nome de usuário
User Permissions,Permissões do Utilizador
User Tags,Etiquetas de Usuários
Use SSL,Usar SSL
Use this fieldname to generate title,Utilize este campo para gerar o título
Use TLS,Usar TLS
Using basic camera settings due to device limitations,Usando configurações básicas da câmara devido a limitações do dispositivo
Using cached customer balance,Usando saldo do cliente em cache
Valid,Válido
Validate Field,Validar Campo
Valid email and name required,É necessário e-mail e nome válidos
Validity,Validade
Valid Login id required.,É necessário um identificador de início de sessão válido.
Value,Valor
Value Based On,Valor Baseado em
Value Changed,Valor Alterado
Values Changed,Valores Alterados
Value To Be Set,Valor a ser definido
Value to Validate,Valor para Validar
Vehicle Log,Registo de Viatura
Vehicle Service Item,Serviço de Viatura
Verification,Verificação
Verification Code,Código de verificação
Verification code email not sent. Please contact Administrator.,O e‑mail com o código de verificação não foi enviado. Contacte o Administrador.
Verified,Verificado
Verify,Verificar
Verify closing amounts for each payment method,Verifique os valores de fecho para cada método de pagamento
Verifying...,A verificar...
Video URL,URL do vídeo
View,Visão
Viewed By,Visto por
View Properties (via Customize Form),Exibir Propriedades (via Personalizar Formulário)
View Report,Ver relatório
Views,Visualizações
View Settings,Ver Definições
Visit,Visita
Waiting for payment...,Aguardando pagamento...
Warehouse,Armazém
Warehouse wise Stock Value,Valor do Stock por Armazém
Warning,Aviso
Warning: High cache usage may affect performance.,Aviso: Uso elevado de cache pode afetar o desempenho.
Warning: High lag may indicate heavy processing or browser slowness.,Aviso: Atraso elevado pode indicar processamento pesado ou lentidão do navegador.
Warranty Claim,Reclamação de Garantia
Web Form Fields,Campos de formulário Web
Website,Site
Website Manager,Administrador do Site
Website Theme Image,Imagem do Tema do Site
Website Item,Artigo do Site
Weekdays,Dias da Semana
Weekly,Semanalmente
Weekly Long,Semanalmente Longo
Welcome to {0},Bem-vindo Ao {0}
Workflow,Fluxo de Trabalho
Workflow Action is not created for optional states,A ação do fluxo de trabalho não é criada para estados opcionais
Workflow Action Name,Nome da Ação do Fluxo de Trabalho
Workflow Name,Nome do Fluxo de Trabalho
Work Schedule,Horário de Trabalho
Work without server connection,Trabalhar sem conexão com servidor
Wrapping up,Empacotando
Write,Escrever
X Field,Campo X
Y Axis,Eixo Y
Year,Ano
Yearly,Anualmente
yellow,amarelo
Yes, Cancel sale,Sim, Cancelar venda
You need to enable JavaScript for your app to work.,Precisa ativar o JavaScript para a sua aplicação funcionar.
yyyy-mm-dd,dd/mm/yyyy
Zero means send records updated at anytime,Zero significa enviar registros atualizados a qualquer momento